Time_of_Day,total_revenue,total_orders,avg_order_value
Afternoon,39018.0399999999,993,45.396945572705157
Morning,37380.199999999859,1049,39.637493857493844
Night,39033.339999999916,944,47.644983108108164